検出器,地点,ファイル,live_s,σ/中心,σ/中心(パイル),R_raw(補正前ROI),R_fit(ピーク形),R_fit誤差,R_NET(レポート),R_fit/R_NET,chi2/ndf(650-950),A_wide/A_peak,chi2/ndf(450-950),450-650keV超過/ピーク
D1,地上,peak764_cut200/D1_20260819_1530_地上.mca,4748,0.0343,0.0284,0.4330,0.2918,0.0065,nan,nan,1024.2/27,0.598,1846.6/47,3.234
D1,テストホール,peak764_cut200/D1_20260823_1510_linac_testhole.mca,20239,0.0214,0.0284,0.1244,0.0911,0.0020,0.2524,0.361,1175.7/27,0.591,2132.0/47,3.287
D1,PF,raw/D1_20260820_0807_PF.mca,45703,0.2569,0.0284,0.2007,-0.0948,0.0011,0.2007,-0.473,8567.6/27,-1.195,20929.8/47,9.649
D1,放射線棟BT,peak764_cut200/D1_20260819_1854_放射線棟BT.mca,9584,0.0039,0.0284,0.0776,0.0559,0.0020,nan,nan,291.2/27,0.607,621.2/47,2.791
D1,Linac3,peak764_cut200/D1_20260823_1510_Linac3.mca,23223,0.0201,0.0284,0.0587,0.0426,0.0011,0.1185,0.360,929.5/27,0.585,1571.4/47,3.429
D1,PS,peak764_cut200/D1_20260823_1510_PS.mca,78562,0.2482,0.0284,0.0254,0.0175,0.0005,0.0535,0.327,955.0/27,0.642,1512.6/47,2.113
D1,KEKB,peak764_cut200/D1_20260820_1939_KEKB.mca,39007,0.0116,0.0284,0.0333,0.0247,0.0007,0.0690,0.358,1001.5/27,0.611,1541.5/47,3.397
d1,テストホール,raw_pre_denoise/d1_20260823_1509_linac_testhole.mca,18973,0.1404,0.0195,0.0477,-0.0197,0.0016,0.0851,-0.232,318.8/27,0.148,1042.8/47,8.580
d1,Linac3,peak764_cut200/d1_20260823_1509_Linac3.mca,23286,0.0192,0.0195,0.0139,0.0145,0.0008,0.0223,0.651,15.7/27,0.992,30.7/47,0.028
d1,PS,raw_pre_denoise/d1_20260823_1509_PS.mca,76893,0.2337,0.0195,0.0093,-0.0017,0.0002,0.0140,-0.122,193.3/27,1.623,341.5/47,-6.235
D2,地上,peak764_cut200/D2_20260822_155048_地上.mca,12302,0.0323,0.0284,0.2437,0.1776,0.0034,nan,nan,1896.2/27,0.602,3060.8/47,3.262
D2,PF,peak764_cut200/D2_20260822_115234_PF.mca,62848,0.0447,0.0284,0.1174,0.0839,0.0010,0.1174,0.714,2527.0/27,0.599,4977.3/47,3.104
D2,Linac3,peak764_cut200/D2_20260823_0835_Linac3.mca,51267,0.0345,0.0284,0.0409,0.0282,0.0006,0.0828,0.340,907.5/27,0.583,1806.1/47,3.298
D2,K2K,peak764_cut200/D2_20260826_0026_ep1.mca,32027,0.0167,0.0284,0.0263,0.0197,0.0008,0.0381,0.518,705.0/27,0.613,993.8/47,3.192
d2,地上,raw_pre_denoise/d2_20260822_155046_地上.mca,12105,0.0195,0.0195,0.0538,0.0519,0.0027,nan,nan,56.7/27,1.006,70.4/47,-0.054
d2,放射線棟BT,peak764_cut200/d2_20260819_1859_放射線棟BT.mca,9540,0.0036,0.0195,0.0118,0.0111,0.0012,nan,nan,18.2/27,1.098,34.3/47,-0.276
d2,Linac3,peak764_cut200/d2_20260823_0834_Linac3.mca,51379,0.1546,0.0195,0.0068,-0.0036,0.0002,0.0139,-0.258,436.6/27,-1.991,1234.9/47,8.049
d2,KEKB,peak764_cut200/d2_20260820_1939_KEKB.mca,39038,0.0101,0.0195,0.0057,0.0056,0.0004,0.0090,0.619,16.9/27,0.989,36.5/47,-0.024
