id,場所,シリアル,live_s,wall_lo,wall_hi,wall_peak,wall_e_lo_kev,wall_e_hi_kev,wall_kev_per_ch,wall_counts,wall_cps,wall_bg_counts,wall_bg_cps,wall_net_counts,wall_net_cps,wall_net_cps_err,wall_net_valid,wall_warning,wall_bg_mode,wall_sb_hi
D1_20260818_1552_kanri2f,D1_20260818_1552_管理棟2階,1715,1335.366,86,366,345,191.0,764.0,2.214492753623188,1028.0,0.7698263996537279,220.9241379310345,0.16544088881328003,807.0758620689655,0.6043855108404479,0.026464745093690012,1,,sideband_right,367–511
D1_20260818_1730_linac,D1_20260818_1730_linac,1715,4208.884,85,366,342,191.0,764.0,2.2339181286549707,512.0,0.12164744858732149,77.79310344827586,0.018483071390961562,434.2068965517241,0.10316437719635992,0.005770094003880594,1,,sideband_right,367–511
d1_20260819_1520_kanri2f,d1_20260819_1520_管理棟2階,2162,76826.197,97,408,390,191.0,764.0,1.958974358974359,15641.0,0.2035894084409775,0.0,0.0,15641.0,0.2035894084409775,0.0016278820052017314,1,平坦部背景に切替（ピーク上端・側帯不可）,plateau,409–511
D1_20260819_0832_kanri2f,D1_20260819_0832_管理棟2階,1715,52246.972,85,366,343,191.0,764.0,2.227405247813411,41810.0,0.800237763061178,7862.937931034483,0.1504955718971519,33947.06206896552,0.6497421911640261,0.00426578338064977,1,,sideband_right,367–511
D1_20260819_1344_kanri1f,D1_20260819_1344_管理棟1階,1715,17482.328,85,366,340,191.0,764.0,2.2470588235294118,10230.0,0.5851623422235299,1886.4827586206895,0.1079079833429901,8343.51724137931,0.4772543588805398,0.00629635230117418,1,,sideband_right,367–511
D1_20260819_1530_ground,D1_20260819_1530_地上,1715,4748.053,85,366,340,191.0,764.0,2.2470588235294118,3089.0,0.650582459799838,519.2689655172413,0.10936461019227067,2569.731034482759,0.5412178496075674,0.012651263269814516,1,,sideband_right,367–511
D1_20260819_1854_hoshasenBT,D1_20260819_1854_放射線棟BT,1715,9583.863,99,412,396,191.0,764.0,1.9292929292929293,1437.0,0.14993953899382745,314.0,0.03276340657206807,1123.0,0.11717613242175938,0.004366188446747972,1,平坦部背景に切替（ピーク上端・側帯不可）,plateau,413–511
d2_20260819_1859_hoshasenBT,d2_20260819_1859_放射線棟BT,2162,9540.474,97,408,391,191.0,764.0,1.9539641943734016,177.0,0.01855253732676175,0.0,0.0,177.0,0.01855253732676175,0.0013944940991034692,1,,sideband_right,409–511
D1_20260820_0807_PF,D1_20260820_0807_PF,1715,45702.849,97,404,388,191.0,764.0,1.9690721649484537,14130.0,0.3091710978455632,3388.0,0.07413104596608408,10742.0,0.2350400518794791,0.002896002865663952,1,"アンプD/d取り違え補正: rebin×1.6033 (peak 242→388, 参照=D2_20260822_115234_PF.mca); 平坦部背景に切替（ピーク上端・側帯不可）",plateau,405–511
D1_20260820_1939_KEKB,D1_20260820_1939_KEKB,1715,39007.479,96,401,385,191.0,764.0,1.9844155844155844,2583.0,0.06621807064229913,612.0,0.015689298967513383,1971.0,0.05052877167478575,0.0014490639357711457,1,平坦部背景に切替（ピーク上端・側帯不可）,plateau,402–511
d2_20260820_1939_KEKB,d2_20260820_1939_KEKB,2162,39037.899,98,411,395,191.0,764.0,1.9341772151898735,360.0,0.00922180776173431,0.0,0.0,360.0,0.00922180776173431,0.00048603194452166286,1,平坦部背景に切替（ピーク上端・側帯不可）,plateau,412–511
D2_20260821_080728_linac,D2_20260821_080728_linac,1715,42577.495,97,404,388,191.0,764.0,1.9690721649484537,5349.0,0.12562974876751204,2158.878504672897,0.0507046857658699,3190.121495327103,0.07492506300164213,0.0020350660603004733,1,,sideband_right,405–511
d2_20260821_080725_linac,d2_20260821_080725_linac,2162,41897.088,97,408,391,191.0,764.0,1.9539641943734016,1286.0,0.03069425731926763,0.0,0.0,1286.0,0.03069425731926763,0.0008559268404067178,1,,sideband_right,409–511
D2_20260821_170217_linacIRON,D2_20260821_170217_linacIRON,1715,30863.476,95,398,382,191.0,764.0,2.0,9402.0,0.30463192156320956,2736.0,0.08864847238852812,6666.0,0.21598344917468143,0.003569675427127315,1,平坦部背景に切替（ピーク上端・側帯不可）,plateau,399–511
d2_20260821_170219_linacIRON,d2_20260821_170219_linacIRON,2162,30086.826,97,408,391,191.0,764.0,1.9539641943734016,2221.0,0.07381968440273494,0.0,0.0,2221.0,0.07381968440273494,0.0015663827973011416,1,平坦部背景に切替（ピーク上端・側帯不可）,plateau,409–511
D2_20260822_115234_PF,D2_20260822_115234_PF,1715,62847.949,96,402,386,191.0,764.0,1.9792746113989637,16355.0,0.2602312447777731,7238.440366972477,0.11517385184634231,9116.559633027522,0.14505739293143077,0.0024440187170883254,1,,sideband_right,403–511
d2_20260822_155046_ground,d2_20260822_155046_地上,2162,12104.829,96,408,386,191.0,764.0,1.9792746113989637,1327.0,0.10962567087895253,0.0,0.0,1327.0,0.10962567087895253,0.0030093784224604885,1,,sideband_right,409–511
D2_20260822_155048_ground,D2_20260822_155048_地上,1715,12301.957,98,408,392,191.0,764.0,1.9489795918367347,5333.0,0.4335082621407309,1808.631067961165,0.14701978457258183,3524.368932038835,0.2864884775681491,0.006869490082321954,1,,sideband_right,409–511
D1_20260822_1633__kanri_30cm,D1_20260822_1633_熱中性子管理棟-30cm,1715,28.09,103,430,414,191.0,764.0,1.8454106280193237,382235.0,13607.51156995372,181056.0,6445.567817728729,201179.0,7161.943752224991,26.7186595968887,1,平坦部背景に切替（ピーク上端・側帯不可）,plateau,431–511
D1_20260822_1644__kanri2_80cm,D1_20260822_1644_熱中性子管理棟2-80cm,1715,50.435,95,399,383,191.0,764.0,1.9947780678851175,222561.0,4412.828392981064,77570.75892857142,1538.0342803325352,144990.24107142858,2874.7941126485293,10.862353984278819,1,,sideband_right,400–511
D1_20260822_1650__kanri_gain500,D1_20260822_1650_熱中性子管理棟-gain500,1715,61.569,62,366,248,191.0,764.0,3.0806451612903225,278022.0,4515.61662524972,25157.241379310344,408.60240347107055,252864.75862068965,4107.014221778649,8.943090612457356,1,,sideband_right,367–511
D1_20260822_1653__kanri_gain750_corse_gain_200_100,D1_20260822_1653_熱中性子管理棟-gain750_corse_gainを200から100に変更,1715,59.851,76,366,306,191.0,764.0,2.496732026143791,227315.0,3798.015070759052,94.32413793103447,1.5759826557790926,227220.67586206898,3796.4390881032728,7.967695395294413,1,,sideband_right,367–511
D1_20260822_1653__kanri_corse_gain100_Gain_750,D1_20260822_1653_熱中性子管理棟-corse_gain100_Gain_750,1715,32.866,84,366,339,191.0,764.0,2.253687315634218,135224.0,4114.403943284854,3470.165517241379,105.58527101689828,131753.83448275863,4008.8186722679557,11.331365417147836,1,,sideband_right,367–511
d1_20260822_1702__kanri_80cm,d1_20260822_1702_熱中性子管理棟-80cm,2162,62.913,95,408,383,191.0,764.0,1.9947780678851175,53473.0,849.9515203535041,1438.9126213592233,22.8714672859222,52034.087378640776,827.0800530675818,3.7247136492116755,1,,sideband_right,409–511
d1_20260822_1705__kanri_30cm,d1_20260822_1705_熱中性子管理棟-30cm,2162,67.47,95,408,382,191.0,764.0,2.0,116259.0,1723.121387283237,6395.844660194175,94.79538550754668,109863.15533980583,1628.3260017756904,5.1907682940293185,1,,sideband_right,409–511
D2_20260822_1720__kanri,D2_20260822_1720_熱中性子管理棟,1715,150.861,96,402,386,191.0,764.0,1.9792746113989637,60855.0,403.3845725535427,17959.5,119.04667210213375,42895.5,284.3379004514089,1.8609130445906088,1,平坦部背景に切替（ピーク上端・側帯不可）,plateau,403–511
d2_20260822_1729__kanri,d2_20260822_1729_熱中性子管理棟,2162,194.301,95,408,382,191.0,764.0,2.0,20169.0,103.80286256890084,91.45631067961165,0.47069397831000176,20077.543689320388,103.33216859059083,0.7325707520640877,1,,sideband_right,409–511
d2_20260823_0834_Linac3,d2_20260823_0834_Linac3,2162,51378.814,96,408,387,191.0,764.0,1.9741602067183464,662.0,0.012884688229666026,3.03883495145631,5.9145681164542066e-05,658.9611650485436,0.012825542548501483,0.0005019256941757039,1,,sideband_right,409–511
D2_20260823_0835_Linac3,D2_20260823_0835_Linac3,1715,51266.676,95,398,382,191.0,764.0,2.0,5272.0,0.1028348317335807,912.0,0.017789333562410015,4360.0,0.08504549817117069,0.0015339089471170318,1,平坦部背景に切替（ピーク上端・側帯不可）,plateau,399–511
d1_20260823_1509_Linac3,d1_20260823_1509_Linac3,2162,23286.251,98,409,393,191.0,764.0,1.9440203562340967,549.0,0.02357614370814778,0.0,0.0,549.0,0.02357614370814778,0.0010062052937469393,1,,sideband_right,410–511
D1_20260823_1510_Linac3,D1_20260823_1510_Linac3,1715,23222.698,95,399,383,191.0,764.0,1.9947780678851175,3257.0,0.14025071505472791,610.0,0.02626740441614493,2647.0,0.113983310638583,0.0026777770284988852,1,平坦部背景に切替（ピーク上端・側帯不可）,plateau,400–511
D1_20260823_1510_PS,D1_20260823_1510_PS,1715,78562.293,96,401,385,191.0,764.0,1.9844155844155844,6463.0,0.082265928770689,2142.0,0.027264988306794965,4321.0,0.055000940463894046,0.0011807590599609214,1,平坦部背景に切替（ピーク上端・側帯不可）,plateau,402–511
d1_20260823_1509_PS,d1_20260823_1509_PS,2162,76892.76,98,409,393,191.0,764.0,1.9440203562340967,1264.0,0.016438478733238344,0.0,0.0,1264.0,0.016438478733238344,0.0004623683383099053,1,,sideband_right,410–511
d1_20260823_1509_linac_testhole_error,d1_20260823_1509_linac_testhole_error,2162,27.403,109,455,439,191.0,764.0,1.7403189066059226,148.0,5.40086851804547,0.0,0.0,148.0,5.40086851804547,0.44394865746803047,1,平坦部背景に切替（ピーク上端・側帯不可）,plateau,456–511
d1_20260823_1509_linac_testhole,d1_20260823_1509_linac_testhole,2162,18972.587,97,408,389,191.0,764.0,1.9640102827763497,2151.0,0.11337410127569846,0.0,0.0,2151.0,0.11337410127569846,0.0024445203229913203,1,,sideband_right,409–511
d1_20260825_1439_linac_testhole,d1_20260825_1439_linac_testhole,2162,18972.587,97,408,389,191.0,764.0,1.9640102827763497,4410.0,0.23244062604641108,0.0,0.0,4410.0,0.23244062604641108,0.003500199043152943,1,平坦部背景に切替（ピーク上端・側帯不可）,plateau,409–511
D1_20260823_1510_linac_testhole,D1_20260823_1510_linac_testhole,1715,20238.835,96,403,387,191.0,764.0,1.9741602067183464,6387.0,0.31558140574790994,2532.4444444444443,0.12512797522408994,3854.5555555555557,0.19045343052381997,0.004666415356584569,1,,sideband_right,404–511
D1_20260823_1510_linac_testhole_error,D1_20260823_1510_linac_testhole_error,1715,20179.846,96,403,387,191.0,764.0,1.9741602067183464,6376.0,0.3159588036499386,2526.740740740741,0.12521110125125537,3849.259259259259,0.19074770239868327,0.004675671761781813,1,,sideband_right,404–511
D2_20260824_1440_linac_testhole,D2_20260824_1440_linac_testhole,1715,20238.835,96,403,387,191.0,764.0,1.9741602067183464,6387.0,0.31558140574790994,2532.4444444444443,0.12512797522408994,3854.5555555555557,0.19045343052381997,0.004666415356584569,1,,sideband_right,404–511
