facility,eval_point,source_ref
BT,E1,BT.pdf 表2.1 p.34
BT,E2,BT.pdf 表2.1 p.34
BT,E3,BT.pdf 表2.1 p.34
BT,E7,BT.pdf 表2.1 p.34
BT,E8,BT.pdf 表2.1 p.34
BT,E10,BT.pdf 表2.1 p.34
BT,E11,BT.pdf 表2.1 p.34
BT,E12,BT.pdf 表2.1 p.34
BT,E15A,BT.pdf 表2.1 p.34
BT,E4,BT.pdf 表2.2 p.35
BT,E5,BT.pdf 表2.2 p.35
BT,E6,BT.pdf 表2.2 p.35
BT,E13,BT.pdf 表2.2 p.35
BT,E14,BT.pdf 表2.2 p.35
BT,E15B,BT.pdf 表2.2 p.35
BT,E15C,BT.pdf 表2.2 p.35
BT,E15D,BT.pdf 表2.2 p.35
PS,E4,PS.pdf 表2-1-1 p.35
PS,E5,PS.pdf 表2-1-1 p.35
PS,E6,PS.pdf 表2-1-1 p.35
PS,E9,PS.pdf 表2-1-1 p.35
PS,E1,PS.pdf 表2-1-2 p.36
PS,E13,PS.pdf 表2-1-2 p.36
PF,E_side,PF.pdf 表2-1 p.41
PF,G_front,PF.pdf 表2-1 p.41
PF,M_lab,PF.pdf 表2-1 p.41
PF,A5,PF.pdf 表2-2 p.42
PF,H,PF.pdf p.36
PF,A-B,PF.pdf p.46-47
PF,C-D,PF.pdf p.47
DR,E1,DR.pdf 表3.4 p.49
DR,E4,DR.pdf 表3.5 p.50
DR,A-B,DR.pdf p.39
ATF,section,ATF.pdf 図1.8 p.12
Linac,beam,Linac.pdf 図1.27 PDF p.41(本文34頁)
Linac,beam_side,Linac.pdf 図1.27 PDF p.41
Linac,1F_gallery_roof,Linac.pdf 図1.27 PDF p.41(実測)
Linac,1F_gallery_wall,Linac.pdf 本文 PDF p.55
Linac,east,Linac.pdf 本文 PDF p.59
SKEKB,S1-E1,SKEKB.pdf / BT.pdf 表2.1
SKEKB,S8-E8,SKEKB.pdf / BT.pdf 表2.1
SKEKB,S12-E12,SKEKB.pdf / BT.pdf 表2.1
先端計測,wall,先端計測実験棟.pdf
