id,日付,場所,標高_m,覆土深さ_m,覆土材質,密度_g_cm-3_推定,屋内_屋外,領域,データ数,測定時間_s,計数率_s-1,計数率_ch0除く_s-1,フラックス_s-1_cm-2,気圧_hPa,気温_C,開始時刻,live_s,real_s,dead_pct,ch0,ch0_cps,ch1_20,ch1_20_cps,ch21_149,ch21_149_cps,roi_lo,roi_hi,roi_peak,roi_counts,roi_cps,roi_bg_counts,roi_bg_cps,roi_net_counts,roi_net_cps,roi_net_cps_err,peak_ch,装置,シリアル,ゲインGAIA,ボード温度_C,filename,メモ
20260818_1552_kanri2f_D1,2026-08-18,20260818_1552_管理棟2階_D1,30,,,,屋内,全スペクトル（未較正）,87283,1335.366,65.36260470912094,33.14671782867019,,,,08/18/2026 15:30:09,1335.366,1336.706,0.10024642666375261,43020,32.21588688045075,34082,25.522590810309683,9155,6.855798335437625,314,366,343,759.0,0.5683834993552329,141.33333333333334,0.10583864897963056,617.6666666666666,0.4625448503756024,0.022469910901765883,6,MCA8000D,1715,2,43,20260818_1552_管理棟2階_D1.mca,短時間。検出器 D1（SN 1715）。ch0はADCオーバーフロー。ROIは自動抽出。
20260818_1730_linac_D1,2026-08-18,20260818_1730_linac_D1,30,,,,屋内,全スペクトル（未較正）,302171,4208.884,71.79361559976469,36.85038599305659,,,,08/18/2026 16:19:46,4208.884,4213.673,0.11365381224408555,147072,34.943229606708094,117111,27.82471553029259,37557,8.92326802069147,311,362,341,328.0,0.07793039675125282,91.0,0.021620933245012217,237.0,0.05630946350624061,0.004863400723436122,6,MCA8000D,1715,2,39,20260818_1730_linac_D1.mca,linac。検出器 D1（SN 1715）。ch0はADCオーバーフロー。ROIは自動抽出。
20260819_1520_kanri2f_d1,2026-08-18〜08-19,20260819_1520_管理棟2階_d1,30,,,,屋内,全スペクトル（未較正）,289798,76826.197,3.7721247610369155,3.7721247610369155,,,,08/18/2026 17:59:38,76826.197,76834.189,0.01040161951861851,0,0.0,144276,1.8779531674592718,131257,1.7084927423909841,350,408,389,10734.0,0.13971796625570312,1499.5833333333335,0.01951916653291238,9234.416666666666,0.12019879972279073,0.0014396850894722673,11,MCA8000D,2162,2,42,20260819_1520_管理棟2階_d1.mca,管理棟2階・約21 h。検出器 d1（SN 2162）。ポリエチレンの緩衝材なし。旧名の放射線棟2階は誤記。CPS差は d 検出器の応答。ch0なし。ROIは自動抽出。
20260819_0832_kanri2f_D1,2026-08-18〜08-19,20260819_0832_管理棟2階_D1,30,,,,屋内,全スペクトル（未較正）,3490462,52246.972,66.80697208634406,33.89231819979921,,,,08/18/2026 18:00:44,52246.972,52300.335,0.10203185123001113,1719691,32.91465388654485,1355084,25.93612506386016,374121,7.160625499981128,314,366,342,31342.0,0.599881654385636,6404.166666666666,0.12257488657269297,24937.833333333336,0.477306767812943,0.0037185643453315352,6,MCA8000D,1715,2,42,20260819_0832_管理棟2階_D1.mca,終夜。検出器 D1（SN 1715）。ROIは自動抽出。
20260819_1344_kanri1f_D1,2026-08-19,20260819_1344_管理棟1階_D1,30,,,,屋内,全スペクトル（未較正）,1131721,17482.328,64.735142825372,32.95333436141914,,,,08/19/2026 08:52:40,17482.328,17499.746,0.09953287321997628,555620,31.781808463952853,441144,25.23371029304564,124871,7.142698615424673,313,366,339,7578.0,0.4334662980811251,1620.0,0.09266500434038304,5958.0,0.34080129374074203,0.005485894337348818,6,MCA8000D,1715,2,40,20260819_1344_管理棟1階_D1.mca,検出器 D1（SN 1715）。ROIは自動抽出。
20260819_1530_ground_D1,2026-08-19,20260819_1530_地上_D1,30,,,,屋外,全スペクトル（未較正）,203879,4748.053,42.93949541001333,21.83547656270897,,,,08/19/2026 14:11:03,4748.053,4751.059,0.06327010462299221,100203,21.10401884730436,83718,17.632069397708914,16914,3.5623022742164,313,365,340,2285.0,0.4812498933773486,446.0833333333333,0.09395079063635839,1838.9166666666667,0.3872991027409902,0.011006567918895028,6,MCA8000D,1715,2,45,20260819_1530_地上_D1.mca,地上。検出器 D1（SN 1715）。ROIは自動抽出。
20260819_1854_hoshasenBT_D1,2026-08-19,20260819_1854_放射線棟BT_D1,30,,,,屋内,全スペクトル（未較正）,637943,9583.863,66.56428623823192,33.759142842505156,,,,08/19/2026 16:13:59,9583.863,9594.214,0.10788794162815973,314400,32.80514339572676,234985,24.518818768590496,87268,9.105722817615403,80,110,80,876.0,0.09140364381252111,1126.3333333333335,0.11752393928558177,-250.33333333333348,-0.026120295473060655,0.0046690399690945215,6,MCA8000D,1715,2,41,20260819_1854_放射線棟BT_D1.mca,放射線棟 BT。検出器 D1（SN 1715）。ROIは自動抽出。
20260819_1859_hoshasenBT_d2,2026-08-19,20260819_1859_放射線棟BT_d2,30,,,,屋内,全スペクトル（未較正）,30335,9540.474,3.1796114113407783,3.1796114113407783,,,,08/19/2026 16:20:15,9540.474,9541.275,0.008395104427860733,0,0.0,15543,1.6291643371178413,14639,1.53441013517777,80,107,80,103.0,0.01079610929184441,128.8,0.013500377444558835,-25.80000000000001,-0.002704268152714426,0.001595830508477315,11,MCA8000D,2162,2,39,20260819_1859_放射線棟BT_d2.mca,放射線棟 BT。検出器 d2（SN 2162）。CPS差は d 検出器の応答。ROIは自動抽出。
20260820_0807_PF_d2,2026-08-19〜08-20,20260820_0807_PF_d2,30,,,,屋内,全スペクトル（未較正）,187496,45746.327,4.0986022768560195,4.0986022768560195,,,,08/19/2026 19:24:52,45746.327,45751.165,0.010574594111434354,0,0.0,84290,1.84255229933542,102562,2.241972344577522,80,126,80,5947.0,0.12999950793863735,7531.750000000001,0.1646416334146346,-1584.750000000001,-0.03464212547599725,0.0025378653663774976,11,MCA8000D,2162,2,40,20260820_0807_PF_d2.mca,raw/ から自動検出。ROIは自動抽出。
20260820_0807_PF_D1,2026-08-19〜08-20,20260820_0807_PF_D1,30,,,,屋内,全スペクトル（未較正）,2103639,45702.849,46.02861847846728,23.08726967983987,,,,08/19/2026 19:25:06,45702.849,45741.269,0.08399417165273482,1048485,22.94134879862741,862953,18.881820693497684,178746,3.9110472084573984,220,263,242,10919.0,0.23891289578030464,2009.3333333333333,0.04396516578940917,8909.666666666666,0.19494772999089544,0.0024878717965084586,6,MCA8000D,1715,2,39,20260820_0807_PF_D1.mca,raw/ から自動検出。ROIは自動抽出。
20260820_1939_KEKB_D1,2026-08-20,20260820_1939_KEKB_D1,30,,,,屋内,全スペクトル（未較正）,2058033,39007.479,52.759959186288356,26.787350189946906,,,,08/20/2026 08:48:21,39007.479,39040.98,0.08580983366709427,1013126,25.972608996341446,752954,19.302811135269728,289856,7.4307801332149666,80,111,80,2728.0,0.06993530650878516,3416.0,0.08757294979252568,-688.0,-0.017637643283740536,0.0020094523865298165,6,MCA8000D,,,,20260820_1939_KEKB_D1.mca,raw/ から自動検出。ROIは自動抽出。
20260820_1939_KEKB_d2,2026-08-20,20260820_1939_KEKB_d2,30,,,,屋内,全スペクトル（未較正）,158700,39037.899,4.0652802549645415,4.0652802549645415,,,,08/20/2026 08:48:23,39037.899,39042.15,0.01088823233352798,0,0.0,77732,1.9911932248198092,80630,2.0654287773017703,80,109,80,641.0,0.016419941042421365,720.0,0.01844361552346862,-79.0,-0.002023674481047251,0.0009450235395965709,11,MCA8000D,,,,20260820_1939_KEKB_d2.mca,raw/ から自動検出。ROIは自動抽出。
20260821_080728_linac_D2,2026-08-20〜08-21,20260821_080728_linac_D2,30,,,,屋内,全スペクトル（未較正）,2711140,42577.495,63.675422896532545,32.54461071512075,,,,08/20/2026 20:16:48,42577.495,42640.411,0.14755017253468283,1325472,31.130812181411798,988607,23.219003372556323,392210,9.211673913648513,80,109,80,3333.0,0.07828079129596516,4107.5,0.09647115218967203,-774.5,-0.018190360893706875,0.002025913758683918,6,MCA8000D,,,,20260821_080728_linac_D2.mca,raw/ から自動検出。ROIは自動抽出。
20260821_080725_linac_d2,2026-08-20〜08-21,20260821_080725_linac_d2,30,,,,屋内,全スペクトル（未較正）,169565,41897.088,4.047178648788193,4.047178648788193,,,,08/20/2026 20:16:58,41897.088,42626.851,1.711979615852921,0,0.0,78421,1.8717529962941575,83318,1.988634627781291,80,134,80,3262.0,0.07785743963876439,3923.333333333333,0.09364214843125453,-661.333333333333,-0.015784708792490137,0.0020232037492212197,11,MCA8000D,,,,20260821_080725_linac_d2.mca,raw/ から自動検出。ROIは自動抽出。
20260821_170217_linacIRON_D2,2026-08-21,20260821_170217_linacIRON_D2,30,,,,屋内,全スペクトル（未較正）,2491034,30863.476,80.71138843855437,41.433278610614046,,,,08/21/2026 08:27:11,30863.476,30906.336,0.13867706608767794,1212259,39.27810982794031,839604,27.203805559684852,429703,13.922702679374158,80,109,80,3173.0,0.10280760339502913,3910.000000000001,0.1266869616371144,-737.0000000000009,-0.023879358242085272,0.002726865918622816,7,MCA8000D,1715,2,37,20260821_170217_linacIRON_D2.mca,raw/ から自動検出。ROIは自動抽出。
20260821_170219_linacIRON_d2,2026-08-21,20260821_170219_linacIRON_d2,30,,,,屋内,全スペクトル（未較正）,142217,30086.826,4.7268861128787725,4.7268861128787725,,,,08/21/2026 08:27:14,30086.826,30905.168,2.647913125727064,0,0.0,67924,2.257599389181165,72265,2.4018818070074923,80,112,80,676.0,0.022468305563371822,805.7499999999999,0.026780824271726098,-129.7499999999999,-0.004312518708354277,0.0012794139849051731,11,MCA8000D,2162,2,37,20260821_170219_linacIRON_d2.mca,raw/ から自動検出。ROIは自動抽出。
20260822_115232_PF_d2,2026-08-21〜08-22,20260822_115232_PF_d2,30,,,,屋内,全スペクトル（未較正）,206492,61368.452,3.364790756006034,3.364790756006034,,,,08/21/2026 18:23:24,61368.452,62948.073,2.5094032664034094,0,0.0,88783,1.4467205397326952,98686,1.608090098150105,80,172,80,10590.0,0.17256423544788127,12981.25,0.2115296960725032,-2391.25,-0.03896546062462192,0.0025017628465194915,11,MCA8000D,2162,2,40,20260822_115232_PF_d2.mca,raw/ から自動検出。ROIは自動抽出。
smalld2_20260822_PF,2026-08-21〜08-22,smalld2_20260822_PF,30,,,,屋内,全スペクトル（未較正）,206492,61368.452,3.364790756006034,3.364790756006034,,,,08/21/2026 18:23:24,61368.452,62948.073,2.5094032664034094,0,0.0,88783,1.4467205397326952,98686,1.608090098150105,80,172,80,10590.0,0.17256423544788127,12981.25,0.2115296960725032,-2391.25,-0.03896546062462192,0.0025017628465194915,11,MCA8000D,2162,2,40,smalld2_20260822_PF.mca,raw/ から自動検出。ROIは自動抽出。
20260822_115234_PF_D2,2026-08-21〜08-22,20260822_115234_PF_D2,30,,,,屋内,全スペクトル（未較正）,3089561,62847.949,49.15929714746936,25.1925325359464,,,,08/21/2026 18:23:36,62847.949,62938.923,0.14454330589673825,1506262,23.96676461152296,1162965,18.504422475266455,403774,6.424616975169707,355,414,388,9456.0,0.1504583705667149,2569.9999999999995,0.04089234479234954,6886.0,0.10956602577436536,0.0017448957723352598,6,MCA8000D,,,,20260822_115234_PF_D2.mca,raw/ から自動検出。ROIは自動抽出。
D2_20260822_PF,2026-08-21〜08-22,D2_20260822_PF,30,,,,屋内,全スペクトル（未較正）,3089561,62847.949,49.15929714746936,25.1925325359464,,,,08/21/2026 18:23:36,62847.949,62938.923,0.14454330589673825,1506262,23.96676461152296,1162965,18.504422475266455,403774,6.424616975169707,355,414,388,9456.0,0.1504583705667149,2569.9999999999995,0.04089234479234954,6886.0,0.10956602577436536,0.0017448957723352598,6,MCA8000D,,,,D2_20260822_PF.mca,raw/ から自動検出。ROIは自動抽出。
smalld2_20260822_ground,2026-08-22,smalld2_20260822＿地上,30,,,,屋外,全スペクトル（未較正）,26148,12104.829,2.1601296474324423,2.1601296474324423,,,,08/22/2026 12:25:32,12104.829,12314.226,1.7004479209655643,0,0.0,12059,0.9962139903008956,10925,0.9025323695196356,350,406,387,1029.0,0.08500739663484713,456.0,0.03767091629299348,573.0,0.04733648034185365,0.003183497902861361,11,MCA8000D,2162,2,42,smalld2_20260822＿地上.mca,raw/ から自動検出。ROIは自動抽出。
D2_20260822_ground,2026-08-22,D2_20260822_地上,30,,,,屋外,全スペクトル（未較正）,496370,12301.957,40.34886481882516,20.579571201557606,,,,08/22/2026 12:25:33,12301.957,12315.784,0.11227056271853053,243201,19.76929361726756,199404,16.209128352505214,48357,3.93083799593837,357,414,385,3643.0,0.2961317455425994,826.5,0.06718443252565424,2816.5,0.22894731301694518,0.005434445855419037,7,MCA8000D,1715,2,43,D2_20260822_地上.mca,raw/ から自動検出。ROIは自動抽出。
D1_20260822_1633__kanri_30cm,2026-08-22,D1_20260822＿1633_熱中性子管理棟-30cm,30,,,,屋内,全スペクトル（未較正）,758876,28.09,27015.877536489854,18216.340334638662,,,,08/22/2026 16:31:50,28.09,75.479,62.784350614078086,247179,8799.537201851193,29519,1050.872196511214,73082,2601.7087931648275,292,455,412,314493.0,11195.906016375935,114513.0,4076.6464934140263,199980.0,7119.259522961908,23.317390388843783,1,MCA8000D,1715,2,37,D1_20260822＿1633_熱中性子管理棟-30cm.mca,raw/ から自動検出。ROIは自動抽出。
D1_20260822_1644__kanri2_80cm,2026-08-22,D1_20260822＿1644_熱中性子管理棟2-80cm,30,,,,屋内,全スペクトル（未較正）,418113,50.435,8290.135818380093,5412.134430455041,,,,08/22/2026 16:43:18,50.435,75.467,33.16946479918374,145152,2878.001387925052,8060,159.8096559928621,29899,592.8224447308417,296,415,381,178280.0,3534.846832556756,59069.99999999999,1171.2104689203925,119210.0,2363.6363636363635,9.659676736006178,6,MCA8000D,1715,2,40,D1_20260822＿1644_熱中性子管理棟2-80cm.mca,raw/ から自動検出。ROIは自動抽出。
D1_20260822_1650__kanri_gain500,2026-08-22,D1_20260822＿1650_熱中性子管理棟-gain500,30,,,,屋内,全スペクトル（未較正）,503125,61.569,8171.7260309571375,5067.615195959005,,,,08/22/2026 16:49:12,61.569,82.438,25.314782018001402,191117,3104.110834998132,9468,153.77868732641426,50499,820.2017248940213,185,273,248,200368.0,3254.365021358151,60156.58333333332,977.0596133335497,140211.4166666667,2277.3054080246015,8.290147451396752,2,MCA8000D,1715,2,41,D1_20260822＿1650_熱中性子管理棟-gain500.mca,raw/ から自動検出。ROIは自動抽出。
D1_20260822_1653__kanri_gain750_corse_gain_200,2026-08-22,D1_20260822＿1653_熱中性子管理棟-gain750 corse gainを200から１００に変更,30,,,,屋内,全スペクトル（未較正）,482617,59.851,8063.641376083942,4662.227865866903,,,,08/22/2026 16:51:54,59.851,74.091,19.21960831949899,203578,3401.413510217039,10852,181.31693706036657,242880,4058.0775592721925,84,142,124,192784.0,3221.0656463551154,47347.50000000001,791.0895390219046,145436.5,2429.9761073332106,8.187534741323685,123,MCA8000D,1715,2,41,D1_20260822＿1653_熱中性子管理棟-gain750 corse gainを200から１００に変更.mca,raw/ から自動検出。ROIは自動抽出。
D1_20260822_1653__kanri_corse_gain100_Gain_750,2026-08-22,D1_20260822＿1653_熱中性子管理棟-corse gain100 Gain 750,30,,,,屋内,全スペクトル（未較正）,264453,32.866,8046.40053550782,4834.72281385018,,,,08/22/2026 16:54:44,32.866,42.087,21.90937819279113,105555,3211.67772165764,5078,154.50617659587417,37466,1139.9622710399806,137,212,189,105197.0,3200.7850057810506,28259.333333333336,859.8348850889471,76937.66666666666,2340.950120692103,11.115339789798158,148,MCA8000D,1715,2,41,D1_20260822＿1653_熱中性子管理棟-corse gain100 Gain 750.mca,raw/ から自動検出。ROIは自動抽出。
d1_20260822_1702__kanri_80cm,2026-08-22,d1_20260822＿1702_熱中性子管理棟-80cm,30,,,,屋内,全スペクトル（未較正）,55925,62.913,888.9259771430388,888.9259771430388,,,,08/22/2026 17:01:32,62.913,65.768,4.341016907918749,0,0.0,587,9.330345079713256,5474,87.00904423569057,346,404,385,36962.0,587.5097356667144,5349.333333333333,85.02747179968104,31612.666666666668,502.48226386703334,3.2695498298117593,10,MCA8000D,2162,2,34,d1_20260822＿1702_熱中性子管理棟-80cm.mca,raw/ から自動検出。ROIは自動抽出。
d1_20260822_1705__kanri_30cm,2026-08-22,d1_20260822＿1705_熱中性子管理棟-30cm,30,,,,屋内,全スペクトル（未較正）,122616,67.47,1817.3410404624278,1817.3410404624278,,,,08/22/2026 17:03:48,67.47,74.068,8.908030458497596,0,0.0,1488,22.05424633170298,11616,172.1654068474878,345,405,383,80131.0,1187.6537720468357,13109.916666666666,194.30734647497653,67021.08333333333,993.3464255718591,4.525770810656301,11,MCA8000D,2162,2,36,d1_20260822＿1705_熱中性子管理棟-30cm.mca,raw/ から自動検出。ROIは自動抽出。
D2_20260822_1720__kanri,2026-08-22,D2_20260822＿1720_熱中性子管理棟,30,,,,屋内,全スペクトル（未較正）,135344,150.861,897.1437283327036,532.1786280085643,,,,08/22/2026 17:18:00,150.861,154.455,2.3268913275711567,55059,364.9651003241395,8586,56.91331755722155,7575,50.21178435778631,351,412,386,46868.0,310.67008703375956,11067.0,73.35891980034602,35801.0,237.31116723341356,1.5954879315457429,6,MCA8000D,1715,2,40,D2_20260822＿1720_熱中性子管理棟.mca,raw/ から自動検出。ROIは自動抽出。
d2_20260822_1729__kanri,2026-08-22,d2_20260822＿1729_熱中性子管理棟,30,,,,屋内,全スペクトル（未較正）,22806,194.301,117.37458891101952,117.37458891101952,,,,08/22/2026 17:26:07,194.301,197.503,1.6212411963362539,0,0.0,1277,6.572277034086289,2667,13.726125959207621,342,404,381,14461.0,74.42576209077669,1963.5000000000002,10.105454938471754,12497.5,64.32030715230493,0.6595854137607667,12,MCA8000D,2162,2,36,d2_20260822＿1729_熱中性子管理棟.mca,raw/ から自動検出。ROIは自動抽出。
