filename,検出器,地点,シリアル,live_s,dead_frac,peak_lo,peak_hi,peak_ch,peak_net_cps,peak_net_cps_err,peak_valid,wall_lo,wall_hi,wall_e_lo_kev,wall_e_hi_kev,wall_sb_lo_lo,wall_sb_lo_hi,wall_sb_hi_lo,wall_sb_hi_hi,wall_net_cps,wall_net_cps_linear,wall_gross_cps,wall_net_cps_err,wall_valid,wall_valid_linear,wall_bg_mode,wall_bg_mode_linear,ratio_wall_over_peak,ratio_linear_over_right,peak_warning,wall_warning,total_cps
D1_20260818_1552_管理棟2階.mca,D1,管理棟2階,1715,1335.366,0.001002464266637526,314,366,345,0.5022343437429639,0.021798511114426853,1,86,366,191.0,764.0,71,85,367,511,0.6043855108404479,0.22191852921787267,0.7698263996537279,0.026464745093690012,1,1,sideband_right,sideband,1.2033934325083977,0.36718042580020926,,,65.36260470912094
D1_20260818_1730_linac.mca,D1,linac,1715,4208.884,0.0011365381224408555,314,366,342,0.06869596152646006,0.004550793933228789,1,85,366,191.0,764.0,70,84,367,511,0.10316437719635992,-0.7342085341637266,0.12164744858732149,0.005770094003880594,1,0,sideband_right,sideband,1.5017531584680337,-7.116880401131647,,,71.79361559976469
D1_20260819_0832_管理棟2階.mca,D1,管理棟2階,1715,52246.972,0.0010203185123001113,314,366,343,0.5335728674700356,0.003570825566852014,1,85,366,191.0,764.0,70,84,367,511,0.6497421911640261,-0.028249049541821787,0.800237763061178,0.00426578338064977,1,0,sideband_right,sideband,1.2177196982388057,-0.04347732058343487,,,66.80697208634406
D1_20260819_1344_管理棟1階.mca,D1,管理棟1階,1715,17482.328,0.0009953287321997628,314,366,340,0.3830077245242548,0.005248802362095381,1,85,366,191.0,764.0,70,84,367,511,0.4772543588805398,-0.23794021405219903,0.5851623422235299,0.00629635230117418,1,0,sideband_right,sideband,1.2460698004807906,-0.4985605885513917,,,64.735142825372
D1_20260819_1530_地上.mca,D1,地上,1715,4748.053,0.0006327010462299221,314,366,340,0.4330406589816921,0.010555665390852306,1,85,366,191.0,764.0,70,84,367,511,0.5412178496075674,0.24609177525395373,0.650582459799838,0.012651263269814516,1,1,sideband_right,sideband,1.2498083918499874,0.45470003517510166,,,42.93949541001333
D1_20260819_1854_放射線棟BT.mca,D1,放射線棟BT,1715,9583.863,0.0010788794162815973,370,422,396,0.07758875518149624,0.0033655773390873253,1,99,412,191.0,764.0,84,98,413,511,0.11717613242175938,-0.435214153077269,0.14993953899382745,0.004366188446747972,1,0,plateau,sideband,1.510220548682087,-3.71418772818662,peak=396 のため共通窓幅53chを 370-422 に中心移動,平坦部背景に切替（ピーク上端・側帯不可）,66.56428623823192
D1_20260820_0807_PF.mca,D1,PF,1715,45702.849,0.0008399417165273482,362,414,388,0.2006585337090619,0.0023646439271170034,1,97,404,191.0,764.0,82,96,405,511,0.2350400518794791,-0.48978193545444926,0.3091710978455632,0.002896002865663952,1,0,plateau,sideband,1.1713434137830765,-2.0838232953828375,peak=388 のため共通窓幅53chを 362-414 に中心移動,平坦部背景に切替（ピーク上端・側帯不可）,46.01236128627342
D1_20260820_1939_KEKB.mca,D1,KEKB,1715,39007.479,0.0008580983366709427,359,411,385,0.03328421540221386,0.0010747819765041854,1,96,401,191.0,764.0,81,95,402,511,0.05052877167478575,-0.5217745172277913,0.06621807064229913,0.0014490639357711457,1,0,plateau,sideband,1.5181001283697046,-10.326285400049827,peak=385 のため共通窓幅53chを 359-411 に中心移動,平坦部背景に切替（ピーク上端・側帯不可）,52.759959186288356
D1_20260822_1633_熱中性子管理棟-30cm.mca,D1,熱中性子_30cm,1715,28.09,0.6278435061407809,388,440,414,1633.7486650053404,17.07754519990895,1,103,430,191.0,764.0,88,102,431,511,7161.943752224991,7477.6269015228645,13607.51156995372,26.7186595968887,1,1,plateau,sideband,4.383748801534035,1.0440778593380882,peak=414 のため共通窓幅53chを 388-440 に中心移動,平坦部背景に切替（ピーク上端・側帯不可）,27015.877536489854
D1_20260822_1644_熱中性子管理棟2-80cm.mca,D1,熱中性子_80cm,1715,50.435,0.33169464799183745,357,409,383,1160.7448531112652,7.97296899354964,1,95,399,191.0,764.0,80,94,400,511,2874.7941126485293,2982.908267754582,4412.828392981064,10.862353984278819,1,1,sideband_right,sideband,2.4766804737000725,1.0376076167090964,peak=383 のため共通窓幅53chを 357-409 に中心移動,,8290.135818380093
D1_20260822_1650_熱中性子管理棟-gain500.mca,D1,熱中性子_gain調整,1715,61.569,0.253147820180014,222,274,248,1454.7434585586902,7.4300955100875505,1,62,366,191.0,764.0,47,61,367,511,4107.014221778649,3318.056897806783,4515.61662524972,8.943090612457356,1,1,sideband_right,sideband,2.823187963221871,0.8079000263042216,peak=248 のため共通窓幅53chを 222-274 に中心移動,,8171.7260309571375
D1_20260822_1653_熱中性子管理棟-corse_gain100_Gain_750.mca,D1,熱中性子_gain調整,1715,32.866,0.2190937819279113,314,366,339,9.521491308140126,2.2824127217335786,1,84,366,191.0,764.0,69,83,367,511,4008.8186722679557,2572.5426628380337,4114.403943284854,11.331365417147836,1,1,sideband_right,sideband,421.02844423548765,0.6417208841682628,,,8046.40053550782
D1_20260822_1653_熱中性子管理棟-gain750_corse_gainを200から100に変更.mca,D1,熱中性子_gain調整,1715,59.851,0.19219608319498993,314,366,306,-4.474541730321117,0.4212993903017736,0,76,366,191.0,764.0,61,75,367,511,3796.4390881032728,1879.583112388422,3798.015070759052,7.967695395294413,1,1,sideband_right,sideband,nan,0.49509107581322337,NET<=0（ROI または背景定義を確認）; peak=306 が積分窓端に近い（側帯定義を確認）,,8063.641376083942
D1_20260823_1510_Linac3.mca,D1,linac,1715,23222.698,0.0029650829306157034,357,409,383,0.05866961137188567,0.001768941641978761,1,95,399,191.0,764.0,80,94,400,511,0.113983310638583,-2.1131555219834106,0.14025071505472791,0.0026777770284988852,1,0,plateau,sideband,1.9427998238489015,-18.539166042332113,peak=383 のため共通窓幅53chを 357-409 に中心移動,平坦部背景に切替（ピーク上端・側帯不可）,172.99557527725676
D1_20260823_1510_PS.mca,D1,その他,1715,78562.293,0.0018499667758888894,359,411,385,0.025407863286271443,0.0006950761497796424,1,96,401,191.0,764.0,81,95,402,511,0.055000940463894046,-1.0080166514352409,0.082265928770689,0.0011807590599609214,1,0,plateau,sideband,2.164721206352387,-18.327262096490227,peak=385 のため共通窓幅53chを 359-411 に中心移動,平坦部背景に切替（ピーク上端・側帯不可）,100.30813382700018
D1_20260823_1510_linac_testhole.mca,D1,linac,1715,20238.835,0.0020220571738183146,361,413,387,0.12442580481205236,0.00304333526457686,1,96,403,191.0,764.0,81,95,404,511,0.19045343052381997,-0.3170765833376008,0.31558140574790994,0.004666415356584569,1,0,sideband_right,sideband,1.5306586186965287,-1.664850995151511,peak=387 のため共通窓幅53chを 361-413 に中心移動,,58.150283847859825
D1_20260823_1510_linac_testhole_error.mca,D1,linac,1715,20179.846,0.0020238596255236496,361,413,387,0.12434353232097675,0.003048608859659195,1,96,403,191.0,764.0,81,95,404,511,0.19074770239868327,-0.31670666096097116,0.3159588036499386,0.004675671761781813,1,0,sideband_right,sideband,1.5340379900604137,-1.6603432543529153,peak=387 のため共通窓幅53chを 361-413 に中心移動,,58.15480455103572
D2_20260821_080728_linac.mca,D2,linac,1715,42577.495,0.0014755017253468283,362,414,388,0.0447270715824561,0.001250235192957152,1,97,404,191.0,764.0,82,96,405,511,0.07492506300164213,-0.4858545013531293,0.12562974876751204,0.0020350660603004733,1,0,sideband_right,sideband,1.6751613810332935,-6.48453910999689,peak=388 のため共通窓幅53chを 362-414 に中心移動,,63.675422896532545
D2_20260821_170217_linacIRON.mca,D2,linac_IRON,1715,30863.476,0.0013867706608767794,356,408,382,0.18743190170802537,0.0028496461573990577,1,95,398,191.0,764.0,80,94,399,511,0.21598344917468143,-0.6627383748640289,0.30463192156320956,0.003569675427127315,1,0,plateau,sideband,1.152330244779422,-3.0684683358678306,peak=382 のため共通窓幅53chを 356-408 に中心移動,平坦部背景に切替（ピーク上端・側帯不可）,80.71138843855437
D2_20260822_115234_PF.mca,D2,PF,1715,62847.949,0.0014454330589673825,360,412,386,0.11743475245840296,0.0016670934845470524,1,96,402,191.0,764.0,81,95,403,511,0.14505739293143077,-0.2549942220679161,0.2602312447777731,0.0024440187170883254,1,0,sideband_right,sideband,1.2352169174351701,-1.757885047530483,peak=386 のため共通窓幅53chを 360-412 に中心移動,,49.15929714746936
D2_20260822_155048_地上.mca,D2,地上,1715,12301.957,0.0011227056271853053,366,418,392,0.24373086872817606,0.005230060744419984,1,98,408,191.0,764.0,83,97,409,511,0.2864884775681491,0.06418485174973111,0.4335082621407309,0.006869490082321954,1,1,sideband_right,sideband,1.1754296001285705,0.22403990657691636,peak=392 のため共通窓幅53chを 366-418 に中心移動,,40.34886481882516
D2_20260822_1720_熱中性子管理棟.mca,D2,熱中性子_その他,1715,150.861,0.023268913275711567,360,412,386,246.12568302388738,1.5248881738108586,1,96,402,191.0,764.0,81,95,403,511,284.3379004514089,321.2043279433748,403.3845725535427,1.8609130445906088,1,1,plateau,sideband,1.1552548964335954,1.129657099646011,peak=386 のため共通窓幅53chを 360-412 に中心移動,平坦部背景に切替（ピーク上端・側帯不可）,897.1437283327036
D2_20260823_0835_Linac3.mca,D2,linac,1715,51266.676,0.0024981191288261373,356,408,382,0.040872554327493364,0.0010034806310887105,1,95,398,191.0,764.0,80,94,399,511,0.08504549817117069,-1.5087569679063768,0.1028348317335807,0.0015339089471170318,1,0,plateau,sideband,2.0807483058127327,-17.7405859257795,peak=382 のため共通窓幅53chを 356-408 に中心移動,平坦部背景に切替（ピーク上端・側帯不可）,146.43262613710317
d1_20260819_1520_管理棟2階.mca,d1,管理棟2階,2162,76826.197,0.0001040161951861851,350,408,390,0.12707210623306875,0.0014082711016250775,1,97,408,191.0,764.0,82,96,409,511,0.20170784455127652,0.06826694908889461,0.2024569822192292,0.00162634891344863,1,1,sideband_right,sideband,1.5873495020324522,0.33844469083868645,,,3.7721247610369155
d1_20260822_1702_熱中性子管理棟-80cm.mca,d1,熱中性子_80cm,2162,62.913,0.04341016907918749,350,408,383,513.4254181700655,3.1971753918078845,1,95,408,191.0,764.0,80,94,409,511,827.0800530675818,768.815673484261,849.9515203535041,3.7247136492116755,1,1,sideband_right,sideband,1.6109059345278116,0.9295541231260234,,,888.9259771430388
d1_20260822_1705_熱中性子管理棟-30cm.mca,d1,熱中性子_30cm,2162,67.47,0.08908030458497596,350,408,382,1020.3260708463022,4.399800056605961,1,95,408,191.0,764.0,80,94,409,511,1628.3260017756904,1549.3344059338876,1723.121387283237,5.1907682940293185,1,1,sideband_right,sideband,1.595887871830117,0.9514890778900157,,,1817.3410404624278
d1_20260823_1509_Linac3.mca,d1,linac,2162,23286.251,0.0004120047309714714,350,408,393,0.013910926809701284,0.000894702485417723,1,98,409,191.0,764.0,83,97,410,511,0.034054429800657905,-0.43754981155369777,0.034054429800657905,0.001209308260082632,1,0,sideband_right,sideband,2.448034575015435,-12.84854317382359,右側帯を使わず左側帯水平背景; peak=393 が積分窓端に近い（側帯定義を確認）,,15.205582040664252
d1_20260823_1509_PS.mca,d1,その他,2162,76892.76,0.0030269990798591495,350,408,393,0.008188027065226948,0.00042229627325334466,1,98,409,191.0,764.0,83,97,410,511,0.03212266018283126,-0.1725117587554133,0.03212266018283126,0.000646342965958781,1,0,sideband_right,sideband,3.923125794155019,-5.37040698913275,右側帯を使わず左側帯水平背景; peak=393 が積分窓端に近い（側帯定義を確認）,,5.894248041037934
d1_20260823_1509_linac_testhole.mca,d1,linac,2162,18972.587,0.07101728734766366,350,408,389,0.03837115096639167,0.0021552198759463717,1,97,408,191.0,764.0,82,96,409,511,0.3967830006524677,-0.3702928018683922,0.3967830006524677,0.0045731268937617975,1,0,sideband_right,sideband,10.340659340659341,-0.9332375662754826,右側帯を使わず左側帯水平背景,,4.514777030670619
d1_20260823_1509_linac_testhole_error.mca,d1,linac,2162,27.403,0.33269207354194574,410,468,439,-0.2749090732158279,0.25159443148946553,0,109,455,191.0,764.0,94,108,456,511,5.40086851804547,-1.2933359633270118,5.40086851804547,0.44394865746803047,1,0,plateau,sideband,nan,-0.23946814461520338,NET<=0（ROI または背景定義を確認）; peak=439 のため共通窓幅59chを 410-468 に中心移動,平坦部背景に切替（ピーク上端・側帯不可）,9.816443455096158
d2_20260819_1859_放射線棟BT.mca,d2,放射線棟BT,2162,9540.474,8.395104427860733e-05,350,408,391,0.01175692807995354,0.0012034904939139527,1,97,408,191.0,764.0,82,96,409,511,0.019600703277426256,-0.06209747577528437,0.019600703277426256,0.0014333453800280094,1,0,sideband_right,sideband,1.6671619613670132,-3.168124882886259,,,3.1796114113407783
d2_20260820_1939_KEKB.mca,d2,KEKB,2162,39037.899,0.00010888232333527981,350,408,395,0.005728632225667838,0.00042275640549910125,1,98,411,191.0,764.0,83,97,412,511,0.012449440478341317,-0.10687391110648897,0.012449440478341317,0.0005647180880571622,1,0,plateau,sideband,2.173195972078654,-8.584635694465215,peak=395 が積分窓端に近い（側帯定義を確認）,平坦部背景に切替（ピーク上端・側帯不可）,4.0652802549645415
d2_20260821_080725_linac.mca,d2,linac,2162,41897.088,0.01711979615852921,350,408,391,0.007625032715081933,0.000741267196420293,1,97,408,191.0,764.0,82,96,409,511,0.11435162271898228,-0.16748000549111874,0.11435162271898228,0.001652073049150548,1,0,sideband_right,sideband,14.996869782971618,-1.4646054118768288,右側帯を使わず左側帯水平背景,,3.8917024495831307
d2_20260821_170219_linacIRON.mca,d2,linac_IRON,2162,30086.826,0.02647913125727064,350,408,391,0.04611431373097758,0.0013601125458585727,1,97,408,191.0,764.0,82,96,409,511,0.07443473280860308,-0.09241917418265554,0.07614628409124977,0.0016086552304391511,1,0,sideband_right,sideband,1.6141351087395903,-1.241613567960223,,,4.7268861128787725
d2_20260822_155046_地上.mca,d2,地上,2162,12104.829,0.017004479209655643,350,408,386,0.04603672358086733,0.0026905709549611425,1,96,408,191.0,764.0,81,95,409,511,0.17968035731855445,-0.017911332747590606,0.17968035731855445,0.0038527512669071225,1,0,sideband_right,sideband,3.9029788252183275,-0.09968442302146412,右側帯を使わず左側帯水平背景,,1.993006262211552
d2_20260822_1729_熱中性子管理棟.mca,d2,熱中性子_その他,2162,194.301,0.01621241196336254,350,408,382,63.67972029651589,0.6420534114387592,1,95,408,191.0,764.0,80,94,409,511,103.33216859059083,95.88676573400335,103.80286256890084,0.7325707520640877,1,1,sideband_right,sideband,1.622685654230872,0.9279469021299003,,,117.37458891101952
d2_20260823_0834_Linac3.mca,d2,linac,2162,51378.814,0.0003216050139017712,350,408,387,0.006823824310152431,0.0004520343062934032,1,96,408,191.0,764.0,81,95,409,511,0.022012208476601732,-0.3456061404656061,0.022071354157766274,0.0006563017676791355,1,0,sideband_right,sideband,3.225787692665555,-15.700657243591632,右側帯を使わず左側帯水平背景,,11.919426555856273
