検出器,地点,teq_cm,実測_RNET,実測_誤差,予測_大気ハドロン,予測_負μ捕獲,予測_高速μ,予測_合計,予測_統計誤差,実測/予測,μ起源の割合
D1,地上,0,0.4330,0.0110,1.1119e-01,9.4447e-03,5.5403e-05,1.2069e-01,7.4e-03,3.59,0.08
D1,テストホール,57,0.2520,0.0040,4.9384e-01,6.2193e-02,8.7605e-03,5.6479e-01,8.2e-03,0.45,0.13
D1,PF,105,0.2010,0.0020,2.7974e-01,6.7718e-02,9.6086e-03,3.5707e-01,6.5e-03,0.56,0.22
D1,放射線棟BT,189,0.0986,0.0037,9.0230e-02,8.2811e-02,5.7260e-04,1.7361e-01,4.7e-03,0.57,0.48
D1,Linac3,300,0.1190,0.0020,1.7479e-02,5.8279e-02,2.4537e-03,7.8212e-02,2.8e-03,1.52,0.78
D1,PS,480,0.0535,0.0009,1.7329e-03,2.6597e-02,6.2185e-03,3.4549e-02,1.9e-03,1.55,0.95
D1,KEKB,525,0.0690,0.0014,1.0069e-03,2.5333e-02,7.1736e-03,3.3514e-02,1.9e-03,2.06,0.97
d1,テストホール,57,0.0851,0.0027,1.3724e-01,1.7235e-02,2.4290e-03,1.5690e-01,2.4e-03,0.54,0.13
d1,Linac3,300,0.0223,0.0011,4.8538e-03,1.6217e-02,6.9560e-04,2.1767e-02,8.1e-04,1.02,0.78
d1,PS,480,0.0140,0.0005,4.8116e-04,7.4011e-03,1.7255e-03,9.6078e-03,5.6e-04,1.46,0.95
D2,地上,0,0.2440,0.0050,2.0579e-01,2.9445e-03,6.0250e-04,2.0933e-01,7.5e-03,1.17,0.02
D2,PF,105,0.1170,0.0020,7.5325e-02,1.4747e-02,1.3248e-03,9.1396e-02,1.4e-03,1.28,0.18
D2,Linac3,300,0.0828,0.0014,4.9079e-03,1.2707e-02,7.1548e-04,1.8330e-02,6.9e-04,4.52,0.73
D2,K2K,444,0.0381,0.0013,7.7994e-04,9.0467e-03,2.1763e-05,9.8484e-03,5.7e-04,3.87,0.92
d2,地上,0,0.0935,0.0033,5.7567e-02,1.1927e-03,1.5206e-04,5.8912e-02,2.2e-03,1.59,0.02
d2,放射線棟BT,189,0.0127,0.0012,8.3836e-03,7.4978e-03,3.4732e-05,1.5916e-02,3.1e-04,0.80,0.47
d2,Linac3,300,0.0139,0.0006,1.6932e-03,4.9110e-03,2.3534e-04,6.8396e-03,2.0e-04,2.03,0.75
d2,KEKB,525,0.0090,0.0005,9.6176e-05,2.3125e-03,4.3542e-04,2.8441e-03,1.3e-04,3.16,0.97
